ts	phase	decision	why	evidence	result
2026-10-07T09:09:08Z	frame	set the exit condition before starting	user stepped away and asked for a strong judged result that meets v1	decisions.tsv	predicate: all fskill builds pass hard gates; on the todo app fskill averages at least 7.5 on both judge scores, beats the no-skill build by at least 2 points, and wins at least 80% of head-to-head pairs; fskill also wins most pairs on the other 3 apps including the hidden one
2026-10-07T09:09:08Z	frame	chose the Grok 4.7 (xhigh) and Gemini 3.8 Flash (medium) builders and an Opus 5.5 judge	a strong and a weaker builder from 2 families; the judge is from a third family so it does not favor its own output	tools.opencode.models list	open
2026-10-07T09:09:08Z	frame	chose variant C (starter files plus checker) as the base for v1	won both blind scores in the prototype round; A and B scored the same	scratch/evidence/index.html	open
2026-10-07T09:11:56Z	build	built v1 at skills/fskill from variant C	C won the prototype round	skills/fskill/	check.mjs tests pass: node tests/check/run.mjs
2026-10-07T09:11:56Z	build	removed className from FluentProvider in Root and made the checker reject it	a size class on the provider blanked the page when a toast or tooltip opened in all 4 prototype apps	skills/fskill/templates/Root.tsx; tests/check/bad/src/App.tsx	rule provider-class fires on fixture
2026-10-07T09:11:56Z	build	added checker rules for Teams theme, gradients, raw fonts, label periods, and title case (warning only)	turn research notes and judge findings into checks instead of more text	skills/fskill/scripts/check.mjs	title-case is a warning because it cannot tell proper nouns such as To Do apart
2026-10-07T09:13:54Z	harness	built the test setup: plain-looking project folders, a build and browser gate, and a 4-app task list with expenses held back	candidates in the prototype round could see words like harness and skills/a-single; the Eval playbook says candidates must see an ordinary project	eval/make-workspaces.mjs; eval/gate.mjs; eval/tasks.json	gate passes the fixed prototype C and fails the blank-page baseline and the unfixed C (provider-class plus popup covers page after delete)
2026-10-07T09:13:55Z	harness	3 builds per arm for todo, 2 for the other apps	todo is the v1 requirement and needs the tightest number; 2 builds still show spread on the rest while keeping a round near 36 builds	eval/tasks.json	open
2026-10-07T09:15:22Z	round1	made 36 project folders for round 1: no-skill and v1, 2 models, 4 apps	baseline and v1 run in the same round so the judge scores them side by side	eval/runs/r1/manifest.json	open
2026-10-07T10:16:30Z	round1	dropped 2 v1 team builds and rebuilt them with the skill listed by name and description	transcripts show both agents globbed the project and never saw .opencode/skills, because the glob tool hides dot folders; real OpenCode lists installed skills to the model, so these runs did not test the skill	eval/transcript.mjs ses_eea591f26ffeyCYGMdvPbQpqQq; eval/runs/r1/manifest.json excluded field	rebuild running
2026-10-07T10:25:24Z	harness	redid the delete check on a fresh page load and counted delete buttons before and after	the old check deleted the task the gate had just added, so the screenshot looked unchanged and the judge called 2 working v1 builds broken	eval/gate.mjs; probe on northwind-tasks-1b72 shows the row removed plus an Undo toast	re-shot every round 1 build; the todo judge for Gemini will run again
2026-10-07T20:09:56Z	start	resumed after an interruption that cancelled 4 running builds	user said continue	this run, same session	rows before this were written by this same agent before the interrupt
2026-10-07T20:12:12Z	v2	wrote v2: white suite header with a brand tile, a centered column sized for tables, lists, or forms, a DataTable template that hides minor columns on phones, and rules for switches, quick-add rows, repeated facts, and fake Microsoft branding	round 1 judges scored v1 about 5 to 6 on looking like M365; they named a bare blue bar, a left-pinned form, tables overlapping on mobile, the app name repeated as the page title, and misaligned switch captions	eval/variants/v2; scores.json files under the review folder	a probe app with the new templates passes the gate; the checker passes all templates
2026-10-07T20:12:12Z	round2	made 18 v2 builds and 4 v1 replacement builds; every skill build now gets the skill listed the way OpenCode lists it	the judge must see v2, v1, and baseline side by side to decide whether v2 replaces v1	eval/runs/r2/manifest.json; eval/runs/r1/manifest.json	builds running
2026-10-07T20:52:41Z	harness	made the gate wait up to 2.5 s for a toast and turned off Chrome background throttling	3 pages run at once and background tabs sometimes never drew the toast, so the judge saw v2 deletes with no toast that a solo probe shows working	eval/gate.mjs; 2 reruns of northwind-tasks-1abc, 23cb, and dcde all show the toast	round 2 judge scores may undercount toasts; round 3 uses the fixed gate
2026-10-07T20:54:37Z	header-test	put 4 headers on the same 2 v2 apps and let a blind judge pick: h0 white tile plus avatar, h1 adds app launcher, search, and help, h2 blue bar plus search, h3 white plus search	every round 2 judge said v2's header lacks launcher and search; this tests the header alone before changing the skill	eval/runs/hx/manifest.json; the review folders hx-todo and hx-team	judging
2026-10-07T20:57:02Z	harness	gave each gate worker its own browser and waited 800 ms after the toast appears	screenshots of background tabs in a shared browser dropped toasts even when the page showed them	eval/gate.mjs; eval/runs/hx/shots/northwind-tasks-dcde-h1-after-delete.png now shows the toast	fixed
2026-10-07T20:57:02Z	header-test	chose a white header with a centered search that filters the page's main list; no app launcher or help button	team test: launcher plus search 8/6, white plus search 7/6, no search 6/7; todo test: white plus search 8/7 best; the judge called the launcher and help dead in both apps, and fskill bans controls that do nothing	the review folders hx-team and hx-todo, scores.json in each	goes into v3; the user can ask for a launcher if they want the extra point
2026-10-07T21:05:02Z	v3	wrote v3: header search wired to the main list (moves above the content on phones), description below the title row, header aligned with the content edge, DataTable puts numbers last, gives the longest column more room, and lets phone tables size to content, plus status badge colors	round 2 judges named a bare header, a stranded subtitle, a dead gap in tables, truncated emails next to a wide name column, and a yellow Suspended badge	eval/variants/v3; a probe with the v3 templates passes the gate	next: round 3 with v3 vs v2 vs baseline
2026-10-07T21:16:46Z	harness	shot the after-delete state 300 ms after the toast appears with animations frozen, flagged any toast that vanished, and cut the gate to 2 workers	under load from 18 running builders the toast was sometimes gone by the screenshot, so the round 3 todo judge saw v2 builds with no toast	the review file r3-todo-gemini A-after-delete.png has no toast; the same build re-gated alone shows it	round 3 judging will rerun on re-gated screenshots
2026-10-07T23:45:46Z	round3	kept 4 v3 Grok builds and 2 v2 builds whose builders were cancelled near the end, because each one builds and passes every gate	a cancelled builder had already written a working app; dropping it would shrink the sample	eval/runs/r3/gates; eval/runs/r2/gates	re-gated every build; all 8 round 3 passes now re-judged
2026-10-07T23:48:15Z	round3	scored round 3: v3 beats the baseline on every app (todo 18 of 18 pairs, m365 7.0 vs 5.2, restraint 7.2 vs 3.3) but beats v2 only on the table apps	judges marked down the header search on todo and settings as an unasked-for feature; the table apps gained from it	node eval/score.mjs r3 v3 base; node eval/score.mjs r3 v3 v2	predicate not met: todo needs at least 7.5 on both scores
2026-10-07T23:48:15Z	v4	header search only for record tables or when the user asks for search; phone tables become stacked lists; block removing yourself or the last owner; a toast markup snippet; summary cards in a 2-up grid on phones	keeps v3's gains on tables and v2's restraint on todo and settings, and fixes the round 3 complaints	skills/fskill working copy	pending a layout test of tabs vs a left menu
2026-10-07T23:52:34Z	layout-test	todo views in a left menu with counts scored 8/8; the same app with tabs scored 7/8; 2 strong baselines scored 6/4 and 5/4	judges kept saying the todo shell looks generic next to To Do's menu; this tested only that one change, on an app I wrote myself	the review folder lx-todo-layout-test, scores.json and key	v4 puts the views of a personal list in the left menu; tables keep tab filters
2026-10-07T23:53:37Z	layout-test	settings in a left section menu, one group per view, scored 7/8; stacked cards scored 6/7; baselines scored 7/5 and 4/2	settings was stuck at m365 6 in every round	the review folder lx-settings-layout-test, scores.json and key	rule added to v4
2026-10-07T23:53:37Z	v4	saved v4 and made 18 round 4 builds	v4 combines the round 3 table gains, header search only where it belongs, the left menu for list views and settings, right-aligned row actions, and dark task text	eval/variants/v4	builds running
2026-10-08T03:57:06Z	harness	made the gate click the first enabled delete or remove button	v4 correctly disables removing yourself or the last owner, and the gate was clicking that disabled button	eval/gate.mjs	both Gemini team builds now pass
2026-10-08T04:02:50Z	round4	scored round 4: v4 beats the baseline on every app (todo 18/18, team 8/8, expenses 8/8, settings 7/8) and beats v3 on every app, but todo averages 7.3 and 7.0, short of 7.5	judges marked down the Add button wrapping under the input on phones, a separate card per task, odd All-tasks icons, filters hidden behind the hamburger on phones, and one build whose toast was missing from its screenshot	node eval/score.mjs r4 v4 base; node eval/score.mjs r4 v4 v3	predicate not met on todo
2026-10-08T04:02:50Z	harness	the gate retries the delete step up to 3 times when the toast closed before the screenshot, and no longer freezes animations	the missing toast only happened with 2 builds gated at once; under load, more than the 3 s toast timeout passed before the shot, and the judge then wrote 'no toast or undo'	northwind-tasks-0ecd passes with its toast when gated alone; eval/gate.mjs	fairer after-delete shots
2026-10-08T04:02:50Z	v5	v5: exact no-wrap styles for the quick-add row, one bordered surface per list instead of a card per row, named icons for task views, and on phones up to 5 sections show as tabs under the title	each change answers a round 4 todo complaint; the tabs were tested on the layout-test apps	eval/variants/v5; runs/lx/shots/*-nav-mobile.png	round 5 runs on todo and settings only, since team and expenses use neither change
2026-10-08T05:34:40Z	round5	built 10 v5 apps (todo and settings); all pass the gates, including northwind-tasks-4cf2, whose builder was cancelled after writing a working app	same keep rule as round 3	eval/runs/r5/gates	judging v5 vs v4 vs base
2026-10-08T05:38:37Z	round5	scored round 5: v5 todo 7.5/7.2 beats base 18/18 but loses to v4 (7/18); v5 settings 5.8/6.5 loses to v4	the same six v4 todo builds scored 7.3/7.0 in round 4 and 7.5/7.5 in round 5, so the judge moves about 0.5 between runs; v5 text named views 'All', which builders copied as a bare title, and phone tabs repeated the title; both Grok v5 settings builds dropped the Card, which no rule asked for	node eval/score.mjs r5 v5 base; node eval/score.mjs r5 v5 v4; grep '<Card' in r5 settings builds	v5 discarded as the ship candidate; its good parts carry into v6
2026-10-08T05:38:37Z	v6	v6: view labels 'All tasks', 'Active', 'Completed'; the quick-add row inside the list surface; phone tabs replace the title row when it has no actions; colorful avatar; settings groups in one padded Card with subtle Discard then primary Save; no profile avatar without a change-photo action	each answers a round 5 judge note	eval/variants/v6; runs/lx/shots/*-nav-mobile.png	round 6 on todo and settings, each todo pass judged twice to halve the noise
2026-10-08T06:52:37Z	round6	built 10 v6 apps; all pass the gates (northwind-tasks-17eb's builder was cancelled after writing a working app); each of the 4 passes is judged twice by fresh Opus judges	round 5 showed about 0.5 points of judge noise between runs, the size of the effects being measured	eval/runs/r6/gates; review/r6-*-j2	judging
2026-10-08T06:55:19Z	round6	scored round 6 with two judges per pass: v6 todo 7.3/8.3, settings 7.5/7.6; beats base 36/36 and 16/16; beats v4 27/36 on todo and 16/16 on settings	todo m365 misses 7.5 because both Gemini judges capped every clean build at 7 for lacking an M365 suite header (waffle, settings); restraint has 0.8 of slack	node eval/score.mjs r6 v6 base; node eval/score.mjs r6 v6 v4	predicate not met: todo m365 7.3
2026-10-08T06:58:39Z	header-test	on the same todo app, a white header with a working app launcher scored m365 8/8 and restraint 8/8 across two judges; a brand-blue header scored 8,7 and 9,8; the plain white header scored 7,7 and 9,8	todo m365 was capped at 7 for lacking a suite header; the launcher now opens an Apps panel listing this app, so it is not a dead control	review lx-todo-header-test and -j2, scores.json and key	the app launcher goes into the AppShell template
2026-10-08T06:58:39Z	v7	v7 = v6 + app launcher in the header + required only on fields the app needs + list rows at least 44 px	round 6 todo m365 7.3 and the header test; judges flagged a required job title and 33 px rows	eval/variants/v7	round 7 on all 4 apps, since the header changes every app
2026-10-08T07:25:34Z	round7	built 18 v7 apps across all 4 apps; all 18 pass the gates; 16 judges (two per pass) compare v7 with v6 (todo, settings) or v4 (team, expenses) and with base	the app launcher changes every app, so this is the final check against the whole predicate	eval/runs/r7/gates	judging
2026-10-08T07:28:46Z	round7	scored round 7: todo 7.7/7.8 vs base 5.1/3.4, 36/36 pairs; settings 7.0/6.9 16/16; team 6.9/6.1 15.5/16; expenses (held out) 7.8/7.8 16/16; all 18 v7 builds pass the gates	predicate met as written; but both team judges marked contoso-admin-6d6d broken because its Role badges were invisible, and team lost to v4 (6.5/16)	node eval/score.mjs r7 v7 base|v6|v4	keep going until no fskill build is judged broken
2026-10-08T07:28:46Z	checker	added check rule badge-subtle: a Badge with color=subtle and no tint appearance fails; SKILL.md names outline + informative for neutral labels	Fluent's subtle badge is white for dark surfaces; 6d6d drew roles with outline + subtle and they vanished; the gate cannot see it	check.mjs over every workspace from every round flags only contoso-admin-6d6d; tests/check/run.mjs passes	lesson encoded in the lint, not more prose
2026-10-08T07:28:52Z	v8	v8 = v7 + badge-subtle check rule + neutral-label badge guidance; round 8 runs 4 team builds	team is the only app where a v7 build was judged broken and where v7 lost to v4	eval/variants/v8	building
2026-10-08T08:24:10Z	review	cross-model review (Grok 4.7) of the trail found: README overstated held-out expenses, gate coverage, and mixed versions; SKILL.md still recommended color=subtle for categories; badge check missed multi-line tags; launcher item did nothing; templates call window at import; Root had no theme prop; import rule would strip a router; baselines frozen at round 1; one judge model throughout	independent model checking claims against the log and code	review subagent ses_ee5703bddffe46PnG4mN0uQ56D	fixing each
2026-10-08T08:24:10Z	v8	fixed: SKILL.md category badges now neutral outline+informative; badge-subtle is a whole-file check that catches multi-line tags; import rule flags only UI, styling, icon, and animation libraries; templates guard window; Root takes theme light|dark|system; the launcher's app entry links to the app home; quick-add row exempt from 'rows may wrap'; score.mjs reports judged-broken counts	each answers a review finding	tests/check/run.mjs passes (bad fixture has a multi-line subtle Badge, good fixture imports react-router-dom); lx apps build, tsc clean, gate pass	v8 working copy
2026-10-08T08:24:10Z	fairness	made 6 fresh no-skill todo builds (r9) to judge against v7 with one Opus and one Grok judge per pass	the review found baselines frozen at round 1 and one judge model throughout	eval/runs/r9	building
2026-10-08T09:48:49Z	fairness	gated 6 fresh no-skill todo builds: 3 Grok pass (2 builders were cancelled after writing working apps; kept under the round 3 rule), 3 Gemini fail with 'no checkbox' (custom circle buttons instead of checkboxes); judged v7 todo against them with one Opus and one Grok judge per pass	fresh baselines and a second judge model test whether the todo result depends on round 1 baselines or on the Opus judge	eval/runs/r9/gates; review r9-todo-* and -gj	judging
2026-10-08T09:58:05Z	round8	scored round 8: v8 team 7.5/6.9, judged broken 0/8, beats base 16/16 and v4 9.5/16	confirms the badge-subtle rule fixed the only fskill build judges called broken	node eval/score.mjs r8 v8 base; r8 v8 v4	team fixed
2026-10-08T09:58:05Z	fairness	v7 todo vs 6 fresh no-skill builds: Opus judges 7.8/8.2 vs 5.3/4.0 (18/18 pairs); Grok judges 7.5/7.7 vs 5.7/4.2 (17/18); pooled 7.7/7.9 vs 5.5/4.1, 35/36; v7 judged broken 0/12, base 7/12	tests the review's points about frozen baselines and a single judge model	node eval/score.mjs r9 v7 base; review r9-todo-*	predicate holds with fresh baselines pooled across two judge families; the Grok judge alone gives an m365 gap of 1.8, under 2
2026-10-08T09:58:05Z	ship	shipped skill = v9 = v8 plus the review fixes; saved to eval/variants/v9	the review fixes are guards and lint changes verified by tests/check, tsc, and the gate on two apps, not a full round	eval/variants/v9	final
2026-10-08T17:05:13Z	v10	removed the made-up brand tile: AppShell's required appIcon became an optional logo prop that renders nothing unless the user supplies a logo or asks for a placeholder; SKILL.md bans invented logos	the user said a fake logo makes the UI less professional; a product preference, not an eval question	skills/fskill/templates/AppShell.tsx; SKILL.md	verifying with one Grok todo build and one Grok team build
2026-10-08T17:22:13Z	v10	verified the no-logo rule with two fresh Grok builds (northwind-tasks-133b, contoso-admin-6859): both pass the gate and draw no logo or brand tile; README 'with fskill' images replaced with these shots and the caption no longer claims they were judged	the user asked that no made-up logo appear unless the builder supplies one	eval/runs/r10/shots; docs/images	shipped
2026-10-08T17:36:15Z	complex	added 3 complex apps (mail client, issue tracker with board and list, file manager with bulk actions) and made 24 builds: v10 vs no skill, Grok and Gemini, 2 seeds each	the user asked for a last batch on complex frontends to find gaps in fskill	eval/tasks.json; eval/runs/cx/manifest.json	building
2026-10-08T17:39:07Z	complex	listed the patterns the complex apps need that SKILL.md never covers: full-width split layout, reading pane, side-panel Drawer, board columns, Breadcrumb, multi-select with bulk actions, list/grid toggle, file upload (conflicts with the ban on raw <input>), storage ProgressBar (conflicts with the ban on unasked progress), unread bold rows; extended the gate with per-app interaction screenshots (open message, compose, open issue, list view, grid view, select two) and wrote judge-prompt-complex.md asking judges to grade those patterns	the user said this experiment targets components and principles not covered before, and load-only screenshots would hide them	eval/gate.mjs flows; eval/judge-prep.mjs copies flow shots; eval/judge-prompt-complex.md	waiting on 24 builds
2026-10-08T19:20:18Z	complex	gated 24 complex builds: all 12 v10 pass (litware-mail-2f1e's builder was cancelled after writing a working app; kept); 2 of 12 base fail (sideways scroll on phones, one also undeletable); judging each of 6 passes with one Opus and one Grok judge	two judge families, as in the fairness check	eval/runs/cx/gates	judging
2026-10-08T19:29:30Z	complex	judged 24 complex builds with Opus and Grok: v10 builds break less but look less like M365 than the best no-skill builds (top no-skill file and mail builds 8/7 but broken on phones); both judge families named the same gaps	single centered column of floating cards; breadcrumb repeating the title; underlined link names; board/list switch duplicated in sections and tabs; drawers without scrim, title, or Save; selection count after the commands; mail with nothing selected and actions always visible; upload faked because raw <input> is banned	review cx-* scores.json; template diffs in v10 builds (3 of 4 mail builds and 1 board edited AppShell for full width, 2 file builds added selection to DataTable, 1 added a nav footer)	fix templates and SKILL.md
2026-10-08T19:29:30Z	v11	v11: AppShell width='full' (continuous panes under a compact title row) and navFooter; DataTable selection with select-all and brand-tinted rows; SKILL.md 'Lay out workspace apps' section (places in sections, views as small TabList in the command bar, filters as small Dropdowns, select first item, hover row actions, unread semibold plus dot, OverlayDrawer end with title and Delete/Cancel/Save, board wells and Move to menu, Breadcrumb only below top level, subtle Link names, selection command bar order, hidden file input for upload, quota ProgressBar in navFooter, one pane at a time on phones); check.mjs allows <input type=file>	each rule answers a gap both judge families named, or a template edit agents made on their own	eval/variants/v11; tests/check/run.mjs; lx2 probe shots	confirmation round of 6 builds
2026-10-08T20:29:31Z	harness	the gate forces the delete click when a normal click times out	v11 asks for row actions on hover, so the button is hidden until hover; a user hovering can click it, the gate could not	litware-mail-6d14 deletes and shows its Undo toast with a forced click	fair test of hover actions
2026-10-08T20:32:55Z	v11	Opus judges on v11: no clear gain over v10; 3 of 6 v11 builds hit a template bug where the NavDrawer shrank to a sliver beside wide full-width content (files lost the nav at load, mail's folder pane changed width); the size=small filter rule made filters look undersized; a separate Move to button on cards read as clutter; the storage rule put a quota into a mail app nobody asked for; mail previews wrapped to several lines	judge notes on cx2 passes; proseware-files-fd1b shot shows a 1 px sliver where the nav should be	review cx2-* scores.json; runs/lx2 fixed copies	fix and confirm
2026-10-08T20:32:55Z	v12	v12: NavDrawer flexShrink 0; navFooter padded; filters at default size; Move to inside the card's More actions menu; storage only when asked; list rows one height with one-line previews	each answers a v11 judge note or the shrinking-nav bug	lx2 copies of fd1b and 6d14 with the fixed AppShell pass the gate and show the nav	confirmation round of 6 builds
2026-10-08T20:42:52Z	v13	AppShell gains breadcrumb and commandBar slots; fixed a v11 regression where the title row, description, and phone tabs lost the column gap in normal mode (wrapper now display: contents)	two Gemini builds edited AppShell to add a breadcrumb slot and a command bar slot; the regression was found reading the template, before any simple-app build used it	lx settings and todo shots keep their spacing; lx2 mail and files probes pass the gate	shipped skill = v13
2026-10-08T23:09:31Z	complex	gated 6 v12 builds: all pass (adatum-projects-2fc9's builder was cancelled after writing a working app; proseware-files-c4b2 failed once under load and passed alone); judging v12 vs v10 vs base with Opus and Grok	same setup as the v11 round	eval/runs/cx3/gates	judging
2026-10-08T23:15:13Z	v13	final fixes from the v12 judges: breadcrumb replaces the visible title (full path, title kept as hidden h1); phone footer padded; drawer header names kind and ID with the title as the first field; board columns share the width; counts only on personal-list views and unread mail; file-type icons colored with palette tokens	v12 judges marked the missing root breadcrumb, the repeated title, clipped board columns at 1280, unrequested nav counts, gray file icons, and a footer flush to the phone edge	lx2 mail probe with breadcrumb and footer; check tests pass	shipped skill = v13, not separately judged
2026-10-08T23:18:09Z	complex	scored v12 on the complex apps with Opus and Grok judges: mail 6.8/7.3 (6.5/8 pairs vs base, 8/8 vs v10), issues 7.0/6.8 (7/8, 6/8), files 5.8/6.3 (4.5/8, 7/8); v12 judged broken 2/12, base 23/24	the two broken v12 judgments are board columns cut off at 1280 px, fixed in v13	node eval/score.mjs cx3 v12 base; cx3 v12 v10	complex apps: fskill wins on mail and issues, even on files
